﻿<VttRuntimeConfig xmlns:xsd="http://www.w3.org/2001/XMLSchema" xmlns:xsi="http://www.w3.org/2001/XMLSchema-instance">
  <VttKernelConfig>
    <EcuConfig EcuName="MyECU" DllPath=".\MyECU.dll">
      <NetworkRef Ref="0" />
    </EcuConfig>
    <NetworkConfig NetworkName="CAN" ChannelNumber="1" BusType="kCan" />
  </VttKernelConfig>
  <VttCompatibilityInfo>
    <VttGeneratorVersion MajorVersion="1" MinorVersion="1" BuildVersion="19" />
    <VttExecutorSupportedVersion MajorVersion="1" MinorVersion="0" BuildVersion="0" />
  </VttCompatibilityInfo>
</VttRuntimeConfig>